name,lat,lng,address,homepage
더 피커,37.547907,127.044089,서울특별시 성동구 성수동1가 왕십리로 115 헤이그라운드 9층,https://www.thepicker.net/
알맹상점,37.553762,126.911566,서울특별시 마포구 합정동 월드컵로 49 한우마을 2층,https://blog.naver.com/almangmarket
덕분애,37.62252733,127.0212193,서울특별시 서초구 서초4동 서초대로 389,https://www.instagram.com/thanksto__zerowaste.seoul
디어얼스,36.30208243,127.57664,서울 서대문구 수색로 43 104호 가좌청년상가 104호,https://instagram.com/dear.earth.korea
유민얼랏,37.5646293,126.9174562,서울특별시 마포구 연남동 487-342,https://instagram.com/youmean.alot
빛바람,37.55936062,126.9170614,서울특별시 마포구 성산동 631-6 1층 101호,https://instagram.com/__light_breeze
지구샵,37.50754853,126.9328291,서울특별시 동작구 상도동 성대로1길 16,https://www.instagram.com/zerowaste_jigu
송포어스,37.53367689,127.1254763,서울 강동구 풍성로35길 34 1층 왼쪽,https://www.instagram.com/song_for_earth
허그어웨일,37.55285023,126.8485289,서울특별시 강서구 화곡동 화곡로55길 23,https://instagram.com/hug_a_whale
카페별꼴,37.66003965,127.0296783,서울특별시 성북구 하월곡동 27-130번지 1층,https://cafe.naver.com/byulkkol
달냥,37.60869716,126.9336996,서울특별시 은평구 녹번동 통일로 684,https://www.facebook.com/vegancafedy
다다랩,37.57862368,127.0067087,서울특별시 종로구 종로5.6가동 충신4나길 1 201호,https://www.instagram.com/cafedadalab
마고까페,37.58189114,126.9884732,서울특별시 종로구 원서동,마고까페 Cafe Margot (facebook.com)
뿌리온더플레이트,37.57997902,126.9866102,서울특별시 종로구 계동 계동길 57 2층,https://www.facebook.com/ppuriontheplate
보틀팩토리,37.57536136,126.928426,서울특별시 서대문구 연희동 708번지 1층,https://www.instagram.com/bottle_factory
얼스얼스,37.56431018,126.9232078,서울특별시 마포구 연남동 성미산로 150,https://www.instagram.com/earth__us
우리동네그늘,37.54725712,126.9438457,서울특별시 마포구 백범로 113-1 2층,https://www.instagram.com/namu_geuneul
카페엠,37.50272184,127.0660327,서울특별시 강남구 대치동 983-10 대경빌딩 1층,https://ko-kr.facebook.com/cafemangwon
하우스플랜트2호점,37.51035102,127.035809,서울특별시 강남구 역삼동 봉은사로 218,
바오밥나무,37.52286721,127.024651,서울특별시 강남구 신사동 552-1번지 지층 ,
레디투웰니스,37.5571798,126.9776587,서울특별시 중구 회현동 퇴계로2길 9-8,https://http://www.instagram.com/readytowellness
디어에코,37.54150381,127.0937645,서울특별시 광진구 구의3동 아차산로65길 22,https://instagram.com/dear.eco
비그린,37.51263276,126.9272129,서울특별시 동작구 대방동 노량진로 10,https://www.bgreen.co.kr
가치가게,37.53851938,126.9606131,서울특별시 용산구 용문동 효창원로55길,https://www.instagram.com/snse_12
동그라미 리필러리,37.39043456,127.0842703,경기도 성남시 분당구 하산운동 188-2,https://dong-grami-refillery.tistory.com/m/11
요선당,37.8825113,127.7264731,강원도 춘천시 소양동 서부대성로44번길 10-21,https://instagram.com/yosun.dang
파파스컷,37.85606243,127.7505694,강원도 춘천시 동내면 거두리 861-,https://www.papascut.com
타예르셀바,35.81359059,128.5236212,대구광역시 달서구 진천동 616-2,https://www.instagram.com/taller_selva
더 커먼,35.86762543,128.606415,대구광역시 중구 동인동 국채보상로140길,https://www.makers-hotel.com/the-common
착해가지구,35.54126418,129.3244196,울산 남구 삼산로 169번길 44 남구 일자리종합센터 1층,
오늘가게,35.23780811,128.8590295,경상남도 김해시 내동 우암로85번길 36-1,
천연제작소,35.21106513,129.0105786,부산광역시 북구 덕천2동 384-31,https://pf.kakao.com/_pvxcnj
달팽이가게,35.24784603,127.0191669,전라남도 담양군 창평면 삼천리,https://www.instagram.com/@nadanarae 
소우주,35.81393479,127.1446032,전라북도 전주시 완산구 풍남동 풍남문2길 98-7,https://www.instagram.com/mikrokosmos7000
늘미곡,35.81603668,127.1264245,전라북도 전주시 완산구 중화산1동 185-20,http://neulmigok.com
이로운공간,35.13669565,126.7982009,광주광역시 광산구 송정2동 234-42,https://www.instagram.com/cafe20_2roun0gan
은영상점,36.36098036,127.3511492,대전광역시 유성구 온천2동 대학로159번길,https://blog.naver.com/eunyoungstore
핸드메이드 라이프79,33.22435968,126.2617716,제주특별자치도 서귀포시 대정읍 상모로250번길,http://www.instagram.com/handmadelife79
봉트리하우스,37.8849561,127.7246624,강원도 춘천시 소양동 서부대성로 12,https://smartstore.naver.com/bongtree123
NO플라스틱카페,34.95026555,127.4854402,전라남도 순천시 장천동 중앙3길 3,
내일상회,37.7607882,128.9051275,강원도 강릉시 포남동 898-4,https://www.instagram.com/tomorrow.market
더초록,37.49790806,126.8433927,서울특별시 구로구 오류동 경인로25길,https://cafe.naver.com/gothechorok
돈키호테샌드위치앤하몽,33.25477467,126.5298941,제주특별자치도 서귀포시 대륜동 1331-8,https://blog.naver.com/shinkim00
광교산울교회,37.30870775,127.0318421,경기도 수원시 장안구 하광교동 산56-1,https://www.gwanggyosanwool.org
라운드트라이앵글,37.54837846,126.9755903,서울특별시 용산구 후암동 139-8,라운드트라이앵글 (facebook.com)
곰이랑놀궁리,36.88698538,128.7360876,경상북도 봉화군 봉화읍 내성리 458-6,https://www.facebook.com/nolgom
꿈꾸는부엉이,37.40087819,126.9450699,경기도 안양시 동안구 비산2동 915-22,
지혜의숲,34.76104385,127.6605516,경기도 파주시 회동길 145,http://forestofwisdom.or.kr/
마더센터,37.87795823,127.7496733,강원도 춘천시 후평2동 백령로 214,http://mothercenter.net/
율소리에,35.97442615,127.205596,전라북도 완주군 고산면 읍내리 884-4,
이너피스,37.32816527,127.9427614,강원도 원주시 명륜2동 남원로469번길 14-2,https://www.instagram.com/hermanas__2019/
마그앤그래,37.24980421,127.0373712,경기 수원시 권선구 세권로316번길 49 현대아파트상가 2층 (권선동 1306),https://www.instagram.com/magandgra/
터치포굿,37.58067684,127.0154941,서울특별시 종로구 숭인동 프리사이클 (터치포굿) 301호 322호,https://touch4good.com/
로하스카페나비,37.88154392,127.7299707,강원도 춘천시 옥천동 칠전서1길 21 1층,
풀무학교 생협,36.55767182,126.6851835,충청남도 홍성군 홍동면 운월리 368-34 KR,https://www.facebook.com/gotgolpoolmoo
코뿔소책방,37.65198106,126.6950082,경기 김포시 김포한강11로438번길 123 상가동 109호,https://www.instagram.com/rhino_books_/
춘천아이쿱생협,37.8516127,127.7448879,강원도 춘천시 석사동 퇴계농공로 19,
동선 나눔점방,37.5941019,127.0204091,서울특별시 성북구 동선동3가 130-7,http://www.sb.go.kr/dongoffice/PageLink.do?link=forward:/PageContent.do&tempParam1=&menuNo=02000000&subMenuNo=02220000&thirdMenuNo=02220300&fourthMenuNo=02220301
라마홈,37.58042225,126.9715029,서울특별시 종로구 창성동 149번지 1층 101호,
모두의부엌,36.15436241,128.3069575,경상북도 구미시 봉곡동 봉곡서로 42,https://www.instagram.com/modoo_kitchen/
지구별가게,33.49300672,126.4750845,제주특별자치도 제주시 노형동 월랑북2길 16,https://www.instagram.com/jigubyul_store/
마이아일랜드,33.25865913,126.528303,제주특별자치도 서귀포시 호근동 호근로112번길 24,https://myisland.co.kr/
마리앤하우스,35.18487803,128.5601998,창원시 마산합포구 문화동버스정거장(경남대방향) 버스 정거장 앞,https://www.instagram.com/mari_n_house/
대안생활 공기,37.55173441,127.1270938,서울특별시 강동구 암사동 상암로3길 24 104호,https://www.instagram.com/gonggi_2020/
워시존 파주운정점,37.74581929,126.723142,경기도 파주시 오도동 오도로 54,
waste upso,37.49041072,126.9916709,서울특별시 서초구 방배4동 방배로 189,https://ko.wasteupso.com/
무포장 가게 쓸,37.60690667,126.9326829,서울특별시 은평구 녹번동 통일로61길 4 1층,https://www.instagram.com/magazine.ssssl/
제주 한살림 달음센터,33.4827444,126.4639049,제주 제주시 노형동 3058-1,http://jejudameul.co.kr/
협동조합 농부장터,35.92044481,128.5510754,대구광역시 북구 태전2동 595-2,http://f-market.kr/
제로스테이,35.81954247,128.5222911,대구광역시 달서구 월성1동 진천로 114-17,https://www.instagram.com/zerostay_/
없는가게쓸,37.60872987,126.933849,서울특별시 은평구 녹번동 산1-55,https://www.innovationpark.kr/
동네 마당,36.63237247,127.4228576,충청북도 청주시 흥덕구 비하동 비하로57번길 38-8,https://www.instagram.com/madang_zero/
솝리필스테이션,37.4801847,127.1437153,?경기 성남시 수정구 위례광장로 21 105호,https://www.soaprefillstation.co.kr/
지구수호대리필상점,37.53116797,126.6557455,인천 서구 청라 지젤임 지하1층 B동 87,https://zeroshop.modoo.at/
소중한모든것,37.4440687,126.7035064,인천 남동구 인하로 617 플러스타워 108호,https://smartstore.naver.com/todosobre
지구에티켓,37.18431731,127.0434992,경기도 오산시 세마역로 19번길 52? 52 인도방향 101?,https://www.instagram.com/earth_etiquette/
선선한주방,35.03291062,126.7147427,전라남도 나주시 금남동 금남길 50,https://smartstore.naver.com/sunsunjubang
지구맑음,35.54067534,129.3385308,울산광역시 남구 삼산동 삼산중로74번길 30,
가치상점,37.25674619,127.0198744,경기도 수원시 권선구 세류3동 세권로 140,https://www.instagram.com/gacistore/
사직동그가게,37.57717613,126.9678136,서울 종로구 사직로9길 18,https://www.instagram.com/rogpashop/
브릿지엣지,37.50243437,126.9543137,서울특별시 상도 번지 상가동 430 SH빌 311호 KR 서울특별시 동작구 상도동,
곁애,37.51261778,126.9242075,서울특별시 영등포구 신길7동 영등포로 420-6,https://www.instagram.com/cafe.gyute/
자양분,36.33632653,127.4468462,대전광역시 동구 자양동 동대전로 159,http://naver.me/5G4jkHGk
서스테인어블 해빗,37.5549149,126.9767446,서울특별시 용산구 후암동 소월로2길 5,https://www.instagram.com/sustainable_habits_/
레트로카페33,37.27378303,127.0723797,경기도 용인시 기흥구 영덕동 흥덕2로65번길 16-8,http://naver.me/F1RSyvGD
본조르노베이커리,33.49129422,126.4765514,제주 제주시 다랑곶4길 68 1층 본조르노베이커리,https://www.instagram.com/buon.giorno.bakery/
페이퍼넛츠,37.58141144,126.9081594,서울특별시 서대문구 북가좌동 거북골로24길 37-8,http://www.papernuts.kr/
앞으로의빵집,37.57481244,126.9893452,서울특별시 종로구 익선동 삼일대로32가길 29-1,https://www.instagram.com/apbbang/
포포브레드,37.57013426,126.9312057,서울특별시 서대문구 연희동 92-18,https://www.instagram.com/forfourbread/
기웃기웃,37.5548646,126.9336263,서울특별시 마포구 서교동 신촌로12다길 20,https://www.instagram.com/giut_giut/
두더지손가게,37.53344457,126.9051399,서울특별시 영등포구 당산동6가 당산로52길 31-1,https://www.instagram.com/molehand/
베이커리 빵과장미,35.13521339,126.7941937,광주광역시 광산구 도산동 932-2번지 1층,https://www.instagram.com/bakery_breadnrose/
카페오두막,37.38280428,126.9577196,경기도 안양시 동안구 신촌동 평촌대로127번길 40 KR,https://www.instagram.com/cafe_odumak/
쿠아레비 구산점,37.60609157,126.9223482,"1 층, 17-15 역촌동 은평구 서울특별시",https://www.instagram.com/quoirez.b_gusan/
카페 드랜스,37.60690667,126.9326185,서울특별시 은평구 녹번동 통일로61길 4 1층,https://www.instagram.com/trans_614/
포레스테이너블 베이커리,34.95407243,127.6947281,전라남도 광양시 중마동 자작길 39,https://smartstore.naver.com/vegan_dalyang
